<?xml version="1.0" encoding="UTF-8"?>
<suce xmlns="urn:peru:mtpe:data:standard:FNATEO1:1" xmlns:vram="MTPEReusableAggregateBusinessInformationEntity" xmlns:vct="mtpe_CommonTypes_D08B" xmlns:qdt="urn:un:unece:uncefact:data:standard:QualifiedDataType:6" xmlns:udt="urn:un:unece:uncefact:data:standard:UnqualifiedDataType:7" xmlns:xsi="http://www.w3.org/2001/XMLSchema-instance" xsi:schemaLocation="urn:peru:mtpe:data:standard:FNATEO1:1
../uncefact/data/standard/fnateo/FNATEO1.xsd">
<vram:DocumentHeader>
	<vram:NotificationData>
		<vct:NotificationNumber>0000000397</vct:NotificationNumber>
		<vct:NotificationDate>20150406</vct:NotificationDate>
	</vram:FormData>
	<vram:UserCompanyNotificationParty>
		<vct:IdentificationType>09</vct:IdentificationType>
		<vct:Identification>10010656261</vct:Identification>
		<vct:Name>PAREDES PASAPERA JUAN MANUEL</vct:Name>
		<vram:TradeAddress>
			<vct:StreetName>MOYOBAMBA</vct:StreetName>
		</vram:TradeAddress>
		<vct:Ubigeo>220901</vct:Ubigeo>
		<vram:TelephoneUniversalCommunication>
			<vct:CompleteNumber>226584</vct:CompleteNumber>
		</vram:TelephoneUniversalCommunication>
		<vct:CompanySize>2</vct:CompanySize>
		<vct:MiningCompanySize></vct:MiningCompanySize>
		<vct:CIIU>7411</vct:CIIU>
		<vct:ER>0</vct:ER>
		<vram:AditionalInfo>
			<vct:ConcessionsName>TOCONAO 0660</vct:ConcessionsName>
			<vct:ConcessionsCode>010548210</vct:ConcessionsCode>
			<vct:OSICode></vct:OSICode>
			<vct:DGHCode></vct:DGHCode>
		</vram:AditionalInfo>
		<vram:FemaleWorkers>
			<vct:Quantity>50</vct:Quantity>
		</vram:FemaleWorkers>
		<vram:MaelWorkers>
			<vct:Quantity>556</vct:Quantity>
		</vram:MaelWorkers>
	</vram:UserCompanyNotificationParty>
	<vram:EmployingCompanyNotificationParty>
		<vct:IdentificationType>09</vct:IdentificationType>
		<vct:Identification>10010656261</vct:Identification>
		<vct:Name>PAREDES PASAPERA JUAN MANUEL</vct:Name>
		<vram:TradeAddress>
			<vct:StreetName>MOYOBAMBA</vct:StreetName>
		</vram:TradeAddress>
		<vct:Ubigeo>220901</vct:Ubigeo>
		<vram:TelephoneUniversalCommunication>
			<vct:CompleteNumber>226584</vct:CompleteNumber>
		</vram:TelephoneUniversalCommunication>
		<vct:CompanySize>2</vct:CompanySize>
		<vct:MiningCompanySize></vct:MiningCompanySize>
		<vct:CIIU>7411</vct:CIIU>
		<vct:ER>0</vct:ER>
		<vram:AditionalInfo>
			<vct:ConcessionsName>TOCONAO 0660</vct:ConcessionsName>
			<vct:ConcessionsCode>010548210</vct:ConcessionsCode>
			<vct:OSICode></vct:OSICode>
			<vct:DGHCode></vct:DGHCode>
		</vram:AditionalInfo>
		<vram:FemaleWorkers>
			<vct:Quantity>50</vct:Quantity>
		</vram:FemaleWorkers>
		<vram:MaelWorkers>
			<vct:Quantity>556</vct:Quantity>
		</vram:MaelWorkers>
	</vram:EmployingCompanyNotificationParty>
</vram:DocumentHeader>
<vram:SpecificInformation>
	<vram:Worker>
		<vct:IdentificationType>03</vct:IdentificationType>
		<vct:Identification>16589751</vct:Identification>
		<vct:Name>CASTRO ECHEVARRIA DE VELASQUEZ, GRISELDA EDITH</vct:Name>
		<vct:Sex>F</vct:Sex>
		<vram:TradeAddress>
			<vct:StreetName></vct:StreetName>
			<vct:Ubigeo></vct:Ubigeo>
		</vram:TradeAddress>
	</vram:Worker>
	<vram:OcupationInformation>
		<vct:OcupationalCategory>06</vct:OcupationalCategory>
		<vct:WorkerInsured>0</vct:WorkerInsured>
		<vct:EsSalud></vct:EsSalud>
		<vct:Eps></vct:Eps>
		<vct:Sctr>0</vct:Sctr>
		</vram:OcupationInformation>
	<vram:AccidentInformation>
		<vct:DateAndTime>20150312</vct:DateAndTime>
		<vct:Place>ALMACEN CENTRAL</vct:Place>
		<vct:Type>11</vct:Type>
		<vct:AgencyRelated>526</vct:AgencyRelated>
		<vct:Description>FALTA DE ALUMBRADO EN LAS ESCALERAS INTERNAS</vct:Description>
	</vram:AccidentInformation>
	<vram:AditionalInformation>
		<vram:DangerouOccurrence>
			<vct:DateAndTime></vct:DateAndTime>
			<vct:Place></vct:Place>
			<vct:Type></vct:Type>
			<vct:Description></vct:Description>
			<vct:PropertyDamage></vct:PropertyDamage>
		</vram:DangerouOccurrence>
	</vram:AditionalInformation>
</vram:SpecificInformation>
